CardName,SetCode,ImagePath
About Face,PLST,card_images\About Face_PLST.jpg
Abzan Battle Priest,PLST,card_images\Abzan Battle Priest_PLST.jpg
Acquisition Octopus,PLST,card_images\Acquisition Octopus_PLST.jpg
Adamant Will,PLST,card_images\Adamant Will_PLST.jpg
Ajani|the Greathearted,PLST,card_images\Ajani|the Greathearted_PLST.jpg
Akroan Phalanx,PLST,card_images\Akroan Phalanx_PLST.jpg
Alharu|Solemn Ritualist,PLST,card_images\Alharu|Solemn Ritualist_PLST.jpg
Ancient Grudge,MB2,card_images\Ancient Grudge_MB2.jpg
Ancient Lumberknot,PLST,card_images\Ancient Lumberknot_PLST.jpg
Angel of Vitality,PLST,card_images\Angel of Vitality_PLST.jpg
Angelic Page,PLST,card_images\Angelic Page_PLST.jpg
Aphetto Exterminator,PLST,card_images\Aphetto Exterminator_PLST.jpg
Apprentice Necromancer,PLST,card_images\Apprentice Necromancer_PLST.jpg
Arc Lightning,PLST,card_images\Arc Lightning_PLST.jpg
Archetype of Finality,PLST,card_images\Archetype of Finality_PLST.jpg
Ardent Elementalist,PLST,card_images\Ardent Elementalist_PLST.jpg
Argothian Opportunist,PLST,card_images\Argothian Opportunist_PLST.jpg
Armored Ascension,PLST,card_images\Armored Ascension_PLST.jpg
Ash|Party Crasher,WOE,card_images\Ash|Party Crasher_WOE.jpg
Ashiok|Wicked Manipulator,WOE,card_images\Ashiok|Wicked Manipulator_WOE.jpg
Audacious Thief,PLST,card_images\Audacious Thief_PLST.jpg
Bad Moon,PLST,card_images\Bad Moon_PLST.jpg
Baloth Woodcrasher,PLST,card_images\Baloth Woodcrasher_PLST.jpg
Barter in Blood,PLST,card_images\Barter in Blood_PLST.jpg
Basri's Solidarity,PLST,card_images\Basri's Solidarity_PLST.jpg
Bastion of Remembrance,CMM,card_images\Bastion of Remembrance_CMM.jpg
Battle-Rage Blessing,PLST,card_images\Battle-Rage Blessing_PLST.jpg
Benevolent Bodyguard,PLST,card_images\Benevolent Bodyguard_PLST.jpg
Berg Strider,PLST,card_images\Berg Strider_PLST.jpg
Bladewing's Thrall,PLST,card_images\Bladewing's Thrall_PLST.jpg
Blatant Thievery,PLST,card_images\Blatant Thievery_PLST.jpg
Body Double,PLST,card_images\Body Double_PLST.jpg
Bond of Discipline,PLST,card_images\Bond of Discipline_PLST.jpg
Bookwurm,PLST,card_images\Bookwurm_PLST.jpg
Boonweaver Giant,PLST,card_images\Boonweaver Giant_PLST.jpg
Boots of Speed,PLST,card_images\Boots of Speed_PLST.jpg
Boros Elite,PLST,card_images\Boros Elite_PLST.jpg
Briar Patch,PLST,card_images\Briar Patch_PLST.jpg
Brood Monitor,PLST,card_images\Brood Monitor_PLST.jpg
Brute Force,PLST,card_images\Brute Force_PLST.jpg
Burning Cloak,PLST,card_images\Burning Cloak_PLST.jpg
Cavern Harpy,PLST,card_images\Cavern Harpy_PLST.jpg
Cenote Scout,LCI,card_images\Cenote Scout_LCI.jpg
Cephalid Broker,PLST,card_images\Cephalid Broker_PLST.jpg
Cerulean Wyvern,PLST,card_images\Cerulean Wyvern_PLST.jpg
Chainer|Nightmare Adept,PLST,card_images\Chainer|Nightmare Adept_PLST.jpg
Chandra|Novice Pyromancer,PLST,card_images\Chandra|Novice Pyromancer_PLST.jpg
Cheering Fanatic,PLST,card_images\Cheering Fanatic_PLST.jpg
Chittering Rats,PLST,card_images\Chittering Rats_PLST.jpg
Cloak of Feathers,PLST,card_images\Cloak of Feathers_PLST.jpg
Cold-Water Snapper,PLST,card_images\Cold-Water Snapper_PLST.jpg
Collector Ouphe,MB2,card_images\Collector Ouphe_MB2.jpg
Complicate,PLST,card_images\Complicate_PLST.jpg
Conceited Witch // Price of Beauty,WOE,card_images\Conceited Witch ;; Price of Beauty_WOE.jpg
Conspicuous Snoop,PLST,card_images\Conspicuous Snoop_PLST.jpg
Contagion,MB2,card_images\Contagion_MB2.jpg
Contraband Livestock,PLST,card_images\Contraband Livestock_PLST.jpg
Counterbalance,MB2,card_images\Counterbalance_MB2.jpg
Crackdown,MB2,card_images\Crackdown_MB2.jpg
Crashing Boars,PLST,card_images\Crashing Boars_PLST.jpg
Crossbow Infantry,PLST,card_images\Crossbow Infantry_PLST.jpg
Crystalline Crawler,CM2,card_images\Crystalline Crawler_CM2.jpg
Crystalline Sliver,PLST,card_images\Crystalline Sliver_PLST.jpg
Dark Ritual,MB2,card_images\Dark Ritual_MB2.jpg
Dark-Dweller Oracle,PLST,card_images\Dark-Dweller Oracle_PLST.jpg
Dead Ringers,MB2,card_images\Dead Ringers_MB2.jpg
Deathgreeter,PLST,card_images\Deathgreeter_PLST.jpg
Deathrite Shaman,MB2,card_images\Deathrite Shaman_MB2.jpg
Deepfathom Echo,LCI,card_images\Deepfathom Echo_LCI.jpg
Despondency,PLST,card_images\Despondency_PLST.jpg
Devoted Druid,PLST,card_images\Devoted Druid_PLST.jpg
Devout Witness,PLST,card_images\Devout Witness_PLST.jpg
Diligent Farmhand,PLST,card_images\Diligent Farmhand_PLST.jpg
Dinosaur Egg,LCC,card_images\Dinosaur Egg_LCC.jpg
Dockside Chef,PLST,card_images\Dockside Chef_PLST.jpg
Drana|the Last Bloodchief,SLD,card_images\Drana|the Last Bloodchief_SLD.jpg
Dreadhound,PLST,card_images\Dreadhound_PLST.jpg
Dreamscape Artist,PLST,card_images\Dreamscape Artist_PLST.jpg
Duergar Hedge-Mage,PLST,card_images\Duergar Hedge-Mage_PLST.jpg
Dwarven Blastminer,PLST,card_images\Dwarven Blastminer_PLST.jpg
Dwarven Miner,PLST,card_images\Dwarven Miner_PLST.jpg
Echoing Truth,PLST,card_images\Echoing Truth_PLST.jpg
Edgewalker,PLST,card_images\Edgewalker_PLST.jpg
Elsha of the Infinite,PLST,card_images\Elsha of the Infinite_PLST.jpg
Elusive Otter // Grove's Bounty,WOE,card_images\Elusive Otter ;; Grove's Bounty_WOE.jpg
Elven Bow,PLST,card_images\Elven Bow_PLST.jpg
Elvish Reclaimer,MB2,card_images\Elvish Reclaimer_MB2.jpg
Empty the Warrens,PLST,card_images\Empty the Warrens_PLST.jpg
Enclave Cryptologist,PLST,card_images\Enclave Cryptologist_PLST.jpg
Epic Downfall,PLST,card_images\Epic Downfall_PLST.jpg
Ethersworn Canonist,MB2,card_images\Ethersworn Canonist_MB2.jpg
Evangel of Heliod,PLST,card_images\Evangel of Heliod_PLST.jpg
Evolutionary Escalation,PLST,card_images\Evolutionary Escalation_PLST.jpg
Expressive Iteration,MB2,card_images\Expressive Iteration_MB2.jpg
Faerie Guidemother // Gift of the Fae,PLST,card_images\Faerie Guidemother ;; Gift of the Fae_PLST.jpg
Faerie Macabre,MB2,card_images\Faerie Macabre_MB2.jpg
Fanatical Devotion,PLST,card_images\Fanatical Devotion_PLST.jpg
Fanatical Offering,LCI,card_images\Fanatical Offering_LCI.jpg
Fanning the Flames,PLST,card_images\Fanning the Flames_PLST.jpg
Farhaven Elf,SLD,card_images\Farhaven Elf_SLD.jpg
Fatestitcher,PLST,card_images\Fatestitcher_PLST.jpg
Fearless Fledgling,PLST,card_images\Fearless Fledgling_PLST.jpg
Feign Death,PLST,card_images\Feign Death_PLST.jpg
Firecat Blitz,PLST,card_images\Firecat Blitz_PLST.jpg
Fists of Flame,PLST,card_images\Fists of Flame_PLST.jpg
Flame Slash,PLST,card_images\Flame Slash_PLST.jpg
Flick a Coin,WOE,card_images\Flick a Coin_WOE.jpg
Flight of Fancy,PLST,card_images\Flight of Fancy_PLST.jpg
Flux,PLST,card_images\Flux_PLST.jpg
Forest,CMM,card_images\Forest_CMM.jpg
Forest,WOE,card_images\Forest_WOE.jpg
Forest Bear,MB2,card_images\Forest Bear_MB2.jpg
Fracture,PLST,card_images\Fracture_PLST.jpg
Freed from the Real,PLST,card_images\Freed from the Real_PLST.jpg
Furious Rise,PLST,card_images\Furious Rise_PLST.jpg
Fyndhorn Elves,CMR,card_images\Fyndhorn Elves_CMR.jpg
Gaea's Anthem,PLST,card_images\Gaea's Anthem_PLST.jpg
Gaea's Gift,PLST,card_images\Gaea's Gift_PLST.jpg
Gamekeeper,PLST,card_images\Gamekeeper_PLST.jpg
Garth One-Eye,PLST,card_images\Garth One-Eye_PLST.jpg
Generous Gift,CMM,card_images\Generous Gift_CMM.jpg
Genju of the Fields,PLST,card_images\Genju of the Fields_PLST.jpg
Ghired|Conclave Exile,PLST,card_images\Ghired|Conclave Exile_PLST.jpg
Ghitu Slinger,PLST,card_images\Ghitu Slinger_PLST.jpg
Glimmerpoint Stag,PLST,card_images\Glimmerpoint Stag_PLST.jpg
Gloomfang Mauler,PLST,card_images\Gloomfang Mauler_PLST.jpg
Goblin Goliath,PLST,card_images\Goblin Goliath_PLST.jpg
Goblin King,MB2,card_images\Goblin King_MB2.jpg
Goblin Offensive,PLST,card_images\Goblin Offensive_PLST.jpg
Golgari Grave-Troll,UMA,card_images\Golgari Grave-Troll_UMA.jpg
Grand Abolisher,CMM,card_images\Grand Abolisher_CMM.jpg
Graveshifter,PLST,card_images\Graveshifter_PLST.jpg
Griffin Guide,PLST,card_images\Griffin Guide_PLST.jpg
Grist|the Hunger Tide,PLST,card_images\Grist|the Hunger Tide_PLST.jpg
Ground Seal,WOT,card_images\Ground Seal_WOT.jpg
Hand of Death,PLST,card_images\Hand of Death_PLST.jpg
Hatchet Bully,PLST,card_images\Hatchet Bully_PLST.jpg
Havoc Demon,PLST,card_images\Havoc Demon_PLST.jpg
Havoc Jester,PLST,card_images\Havoc Jester_PLST.jpg
Heart Warden,PLST,card_images\Heart Warden_PLST.jpg
Hedge Troll,PLST,card_images\Hedge Troll_PLST.jpg
Hellspark Elemental,PLST,card_images\Hellspark Elemental_PLST.jpg
Herald of Secret Streams,PLST,card_images\Herald of Secret Streams_PLST.jpg
Hidden Volcano,LCI,card_images\Hidden Volcano_LCI.jpg
Hoarding Ogre,PLST,card_images\Hoarding Ogre_PLST.jpg
Hopeful Vigil,WOE,card_images\Hopeful Vigil_WOE.jpg
Hordeling Outburst,PLST,card_images\Hordeling Outburst_PLST.jpg
Horned Sliver,PLST,card_images\Horned Sliver_PLST.jpg
Hulking Raptor,LCI,card_images\Hulking Raptor_LCI.jpg
Hunter's Mark,PLST,card_images\Hunter's Mark_PLST.jpg
Hunting Cheetah,MB2,card_images\Hunting Cheetah_MB2.jpg
Ideas Unbound,PLST,card_images\Ideas Unbound_PLST.jpg
Idol of the Deep King // Sovereign's Macuahuitl,LCI,card_images\Idol of the Deep King ;; Sovereign's Macuahuitl_LCI.jpg
Impostor of the Sixth Pride,PLST,card_images\Impostor of the Sixth Pride_PLST.jpg
Incremental Growth,PLST,card_images\Incremental Growth_PLST.jpg
Indrik Stomphowler,PLST,card_images\Indrik Stomphowler_PLST.jpg
Injector Crocodile,PLST,card_images\Injector Crocodile_PLST.jpg
Inspiring Overseer,PLST,card_images\Inspiring Overseer_PLST.jpg
Intangible Virtue,WOT,card_images\Intangible Virtue_WOT.jpg
Intrepid Paleontologist,LCI,card_images\Intrepid Paleontologist_LCI.jpg
Invigorating Surge,PLST,card_images\Invigorating Surge_PLST.jpg
Jace Beleren,MB2,card_images\Jace Beleren_MB2.jpg
Jade Seedstones // Jadeheart Attendant,LCI,card_images\Jade Seedstones ;; Jadeheart Attendant_LCI.jpg
Journey to Nowhere,PLST,card_images\Journey to Nowhere_PLST.jpg
Jungle Lion,PLST,card_images\Jungle Lion_PLST.jpg
Kami of False Hope,PLST,card_images\Kami of False Hope_PLST.jpg
Karn|the Great Creator,MB2,card_images\Karn|the Great Creator_MB2.jpg
Kasmina|Enigmatic Mentor,PLST,card_images\Kasmina|Enigmatic Mentor_PLST.jpg
Kataki|War's Wage,MB2,card_images\Kataki|War's Wage_MB2.jpg
Kaya's Ghostform,PLST,card_images\Kaya's Ghostform_PLST.jpg
Keeper of the Dead,PLST,card_images\Keeper of the Dead_PLST.jpg
Kenrith's Transformation,PLST,card_images\Kenrith's Transformation_PLST.jpg
King's Assassin,MB2,card_images\King's Assassin_MB2.jpg
Kinjalli's Dawnrunner,LCI,card_images\Kinjalli's Dawnrunner_LCI.jpg
Kraul Harpooner,PLST,card_images\Kraul Harpooner_PLST.jpg
Krovikan Sorcerer,PLST,card_images\Krovikan Sorcerer_PLST.jpg
Kutzil's Flanker,LCI,card_images\Kutzil's Flanker_LCI.jpg
Land Grant,PLST,card_images\Land Grant_PLST.jpg
Lash of Malice,PLST,card_images\Lash of Malice_PLST.jpg
Lava Dart,PLST,card_images\Lava Dart_PLST.jpg
Lavinia|Azorius Renegade,SLD,card_images\Lavinia|Azorius Renegade_SLD.jpg
Leap,PLST,card_images\Leap_PLST.jpg
Legacy's Allure,PLST,card_images\Legacy's Allure_PLST.jpg
Lesser Gargadon,PLST,card_images\Lesser Gargadon_PLST.jpg
Liliana's Caress,PLST,card_images\Liliana's Caress_PLST.jpg
Llanowar Visionary,PLST,card_images\Llanowar Visionary_PLST.jpg
Magus of the Wheel,CMM,card_images\Magus of the Wheel_CMM.jpg
Mana Flare,MB2,card_images\Mana Flare_MB2.jpg
Manabond,MB2,card_images\Manabond_MB2.jpg
Marauding Brinefang,LCI,card_images\Marauding Brinefang_LCI.jpg
Masked Vandal,PLST,card_images\Masked Vandal_PLST.jpg
Massive Might,PLST,card_images\Massive Might_PLST.jpg
Master Splicer,PLST,card_images\Master Splicer_PLST.jpg
Meekstone,MB2,card_images\Meekstone_MB2.jpg
Mental Note,PLST,card_images\Mental Note_PLST.jpg
Merciless Executioner,PLST,card_images\Merciless Executioner_PLST.jpg
Meria's Outrider,PLST,card_images\Meria's Outrider_PLST.jpg
Military Intelligence,PLST,card_images\Military Intelligence_PLST.jpg
Mirror Image,PLST,card_images\Mirror Image_PLST.jpg
Mistwalker,PLST,card_images\Mistwalker_PLST.jpg
Molten Birth,PLST,card_images\Molten Birth_PLST.jpg
Moment of Defiance,PLST,card_images\Moment of Defiance_PLST.jpg
Murderous Rider // Swift End,PLST,card_images\Murderous Rider ;; Swift End_PLST.jpg
Muscle Burst,PLST,card_images\Muscle Burst_PLST.jpg
Mutagenic Growth,PLST,card_images\Mutagenic Growth_PLST.jpg
Myrsmith,CMM,card_images\Myrsmith_CMM.jpg
Mystic Sanctuary,MB2,card_images\Mystic Sanctuary_MB2.jpg
Mystical Dispute,MB2,card_images\Mystical Dispute_MB2.jpg
Narcolepsy,PLST,card_images\Narcolepsy_PLST.jpg
Natural Order,MB2,card_images\Natural Order_MB2.jpg
Necrologia,PLST,card_images\Necrologia_PLST.jpg
Nekrataal,PLST,card_images\Nekrataal_PLST.jpg
Nezumi Prowler,PLST,card_images\Nezumi Prowler_PLST.jpg
Nightfire Giant,PLST,card_images\Nightfire Giant_PLST.jpg
Nissa's Judgment,PLST,card_images\Nissa's Judgment_PLST.jpg
Oakhame Adversary,PLST,card_images\Oakhame Adversary_PLST.jpg
Oblivion Strike,PLST,card_images\Oblivion Strike_PLST.jpg
Olivia's Bloodsworn,PLST,card_images\Olivia's Bloodsworn_PLST.jpg
Omen,PLST,card_images\Omen_PLST.jpg
Omen of the Sea,PLST,card_images\Omen of the Sea_PLST.jpg
One with Nature,PLST,card_images\One with Nature_PLST.jpg
Ornithopter of Paradise,PLST,card_images\Ornithopter of Paradise_PLST.jpg
Orvar|the All-Form,SLD,card_images\Orvar|the All-Form_SLD.jpg
Orzhov Advokist,PLST,card_images\Orzhov Advokist_PLST.jpg
Oviya Pashiri|Sage Lifecrafter,CMM,card_images\Oviya Pashiri|Sage Lifecrafter_CMM.jpg
Path of Discovery,PLST,card_images\Path of Discovery_PLST.jpg
Patriar's Seal,PLST,card_images\Patriar's Seal_PLST.jpg
Pendrell Drake,PLST,card_images\Pendrell Drake_PLST.jpg
Pitchstone Wall,PLST,card_images\Pitchstone Wall_PLST.jpg
Plague Engineer,PLST,card_images\Plague Engineer_PLST.jpg
Plains,SLP,card_images\Plains_SLP.jpg
Planar Atlas,PLST,card_images\Planar Atlas_PLST.jpg
Planar Disruption,PLST,card_images\Planar Disruption_PLST.jpg
Plunge into Winter,WOE,card_images\Plunge into Winter_WOE.jpg
Poison-Tip Archer,PLST,card_images\Poison-Tip Archer_PLST.jpg
Power Sink,PLST,card_images\Power Sink_PLST.jpg
Power Word Kill,PLST,card_images\Power Word Kill_PLST.jpg
Predatory Nightstalker,PLST,card_images\Predatory Nightstalker_PLST.jpg
Price of Glory,PLST,card_images\Price of Glory_PLST.jpg
Prismatic Lens,PLST,card_images\Prismatic Lens_PLST.jpg
Probe,PLST,card_images\Probe_PLST.jpg
Proteus Staff,MB2,card_images\Proteus Staff_MB2.jpg
Putrid Goblin,PLST,card_images\Putrid Goblin_PLST.jpg
Pyrewild Shaman,PLST,card_images\Pyrewild Shaman_PLST.jpg
Pyrohemia,PLST,card_images\Pyrohemia_PLST.jpg
Raging Minotaur,PLST,card_images\Raging Minotaur_PLST.jpg
Raise the Alarm,PLST,card_images\Raise the Alarm_PLST.jpg
Rambunctious Mutt,PLST,card_images\Rambunctious Mutt_PLST.jpg
Ramosian Rally,PLST,card_images\Ramosian Rally_PLST.jpg
Reaper's Talisman,PLST,card_images\Reaper's Talisman_PLST.jpg
Reckless Barbarian,PLST,card_images\Reckless Barbarian_PLST.jpg
Reckless Bushwhacker,PLST,card_images\Reckless Bushwhacker_PLST.jpg
Recumbent Bliss,PLST,card_images\Recumbent Bliss_PLST.jpg
Referee Squad,PLST,card_images\Referee Squad_PLST.jpg
Release the Dogs,PLST,card_images\Release the Dogs_PLST.jpg
Rescind,PLST,card_images\Rescind_PLST.jpg
Reset,MB2,card_images\Reset_MB2.jpg
Reveille Squad,PLST,card_images\Reveille Squad_PLST.jpg
Reya Dawnbringer,SLD,card_images\Reya Dawnbringer_SLD.jpg
Rise of the Ants,PLST,card_images\Rise of the Ants_PLST.jpg
Rite of Flame,MB2,card_images\Rite of Flame_MB2.jpg
River Bear,PLST,card_images\River Bear_PLST.jpg
Rush of Vitality,PLST,card_images\Rush of Vitality_PLST.jpg
Ruthless Knave,PLST,card_images\Ruthless Knave_PLST.jpg
Sabertooth Wyvern,PLST,card_images\Sabertooth Wyvern_PLST.jpg
Sanguine Bond,WOT,card_images\Sanguine Bond_WOT.jpg
Scalelord Reckoner,MB2,card_images\Scalelord Reckoner_MB2.jpg
Scourge Devil,PLST,card_images\Scourge Devil_PLST.jpg
Sea Scryer,PLST,card_images\Sea Scryer_PLST.jpg
Searing Spear,PLST,card_images\Searing Spear_PLST.jpg
Sentinel of Lost Lore,WOE,card_images\Sentinel of Lost Lore_WOE.jpg
Serenity,MB2,card_images\Serenity_MB2.jpg
Serra Sphinx,PLST,card_images\Serra Sphinx_PLST.jpg
Severed Strands,PLST,card_images\Severed Strands_PLST.jpg
Shared Summons,PLST,card_images\Shared Summons_PLST.jpg
Shepherd of the Flock // Usher to Safety,PLST,card_images\Shepherd of the Flock ;; Usher to Safety_PLST.jpg
Showdown of the Skalds,PLST,card_images\Showdown of the Skalds_PLST.jpg
Shredded Sails,PLST,card_images\Shredded Sails_PLST.jpg
Shuko,BOK,card_images\Shuko_BOK.jpg
Sign in Blood,PLST,card_images\Sign in Blood_PLST.jpg
Silvergill Douser,PLST,card_images\Silvergill Douser_PLST.jpg
Silverglade Elemental,PLST,card_images\Silverglade Elemental_PLST.jpg
Skeletal Wurm,PLST,card_images\Skeletal Wurm_PLST.jpg
Skullsnatcher,PLST,card_images\Skullsnatcher_PLST.jpg
Sky Crier,PLST,card_images\Sky Crier_PLST.jpg
Skyknight Vanguard,PLST,card_images\Skyknight Vanguard_PLST.jpg
Skyshroud Elite,PLST,card_images\Skyshroud Elite_PLST.jpg
Skysnare Spider,PLST,card_images\Skysnare Spider_PLST.jpg
Slaughter the Strong,PLST,card_images\Slaughter the Strong_PLST.jpg
Slippery Bogle,PLST,card_images\Slippery Bogle_PLST.jpg
Snake Pit,PLST,card_images\Snake Pit_PLST.jpg
Snow-Covered Mountain,MB2,card_images\Snow-Covered Mountain_MB2.jpg
Snow-Covered Swamp,MB2,card_images\Snow-Covered Swamp_MB2.jpg
Solitary Sanctuary,WOE,card_images\Solitary Sanctuary_WOE.jpg
Sorcerous Sight,PLST,card_images\Sorcerous Sight_PLST.jpg
Spectral Sliver,PLST,card_images\Spectral Sliver_PLST.jpg
Spike Colony,PLST,card_images\Spike Colony_PLST.jpg
Spiketail Drake,PLST,card_images\Spiketail Drake_PLST.jpg
Spitting Dilophosaurus,REX,card_images\Spitting Dilophosaurus_REX.jpg
Splendor Mare,PLST,card_images\Splendor Mare_PLST.jpg
Star Compass,PLST,card_images\Star Compass_PLST.jpg
Staunch Throneguard,CMM,card_images\Staunch Throneguard_CMM.jpg
Steelshaper's Gift,CMM,card_images\Steelshaper's Gift_CMM.jpg
Stingscourger,PLST,card_images\Stingscourger_PLST.jpg
Stonecloaker,PLST,card_images\Stonecloaker_PLST.jpg
Storm Crow,PLST,card_images\Storm Crow_PLST.jpg
Sublime Epiphany,PLST,card_images\Sublime Epiphany_PLST.jpg
Sunder the Gateway,PLST,card_images\Sunder the Gateway_PLST.jpg
Sunscape Familiar,PLST,card_images\Sunscape Familiar_PLST.jpg
Supreme Will,PLST,card_images\Supreme Will_PLST.jpg
Surgical Skullbomb,PLST,card_images\Surgical Skullbomb_PLST.jpg
Swamp,LCI,card_images\Swamp_LCI.jpg
Swarm of Rats,PLST,card_images\Swarm of Rats_PLST.jpg
Sword of the Meek,MB2,card_images\Sword of the Meek_MB2.jpg
Syr Alin|the Lion's Claw,PLST,card_images\Syr Alin|the Lion's Claw_PLST.jpg
Tanglespan Lookout,WOE,card_images\Tanglespan Lookout_WOE.jpg
Tarnished Citadel,MB2,card_images\Tarnished Citadel_MB2.jpg
Taunting Sliver,CMM,card_images\Taunting Sliver_CMM.jpg
Tear Asunder,PLST,card_images\Tear Asunder_PLST.jpg
Temporary Truce,MB2,card_images\Temporary Truce_MB2.jpg
Tetsuko Umezawa|Fugitive,PLST,card_images\Tetsuko Umezawa|Fugitive_PLST.jpg
Tezzeret's Gambit,PLST,card_images\Tezzeret's Gambit_PLST.jpg
Thassa's Oracle,MB2,card_images\Thassa's Oracle_MB2.jpg
Thorn of the Black Rose,CMM,card_images\Thorn of the Black Rose_CMM.jpg
Thriving Bluff,CMM,card_images\Thriving Bluff_CMM.jpg
Throes of Chaos,MB2,card_images\Throes of Chaos_MB2.jpg
Thunderwave,PLST,card_images\Thunderwave_PLST.jpg
Tibalt|Rakish Instigator,PLST,card_images\Tibalt|Rakish Instigator_PLST.jpg
Timeless Dragon,PLST,card_images\Timeless Dragon_PLST.jpg
Tin Street Hooligan,PLST,card_images\Tin Street Hooligan_PLST.jpg
Tinder Wall,MB2,card_images\Tinder Wall_MB2.jpg
Toggo|Goblin Weaponsmith,PLST,card_images\Toggo|Goblin Weaponsmith_PLST.jpg
Tormented Angel,PLST,card_images\Tormented Angel_PLST.jpg
Tormod's Crypt,MB2,card_images\Tormod's Crypt_MB2.jpg
Torrent of Fire,PLST,card_images\Torrent of Fire_PLST.jpg
Treasure Cruise,MB2,card_images\Treasure Cruise_MB2.jpg
Trollbred Guardian,PLST,card_images\Trollbred Guardian_PLST.jpg
Trostani's Judgment,PLST,card_images\Trostani's Judgment_PLST.jpg
Trygon Predator,PLST,card_images\Trygon Predator_PLST.jpg
Tsabo's Web,MB2,card_images\Tsabo's Web_MB2.jpg
Unexpected Windfall,PLST,card_images\Unexpected Windfall_PLST.jpg
Unholy Heat,MB2,card_images\Unholy Heat_MB2.jpg
Valorous Stance,PLST,card_images\Valorous Stance_PLST.jpg
Venomspout Brackus,PLST,card_images\Venomspout Brackus_PLST.jpg
Veteran Explorer,MB2,card_images\Veteran Explorer_MB2.jpg
Vine Mare,PLST,card_images\Vine Mare_PLST.jpg
Volcanic Spite,PLST,card_images\Volcanic Spite_PLST.jpg
Vow of Malice,PLST,card_images\Vow of Malice_PLST.jpg
Voyager Drake,PLST,card_images\Voyager Drake_PLST.jpg
Wake Thrasher,PLST,card_images\Wake Thrasher_PLST.jpg
Wall of Mulch,PLST,card_images\Wall of Mulch_PLST.jpg
Wall of Tears,PLST,card_images\Wall of Tears_PLST.jpg
Web of Inertia,PLST,card_images\Web of Inertia_PLST.jpg
Whipcorder,PLST,card_images\Whipcorder_PLST.jpg
Whirler Rogue,PLST,card_images\Whirler Rogue_PLST.jpg
Wirewood Channeler,PLST,card_images\Wirewood Channeler_PLST.jpg
Wirewood Guardian,PLST,card_images\Wirewood Guardian_PLST.jpg
Wispweaver Angel,PLST,card_images\Wispweaver Angel_PLST.jpg
Witch of the Moors,PLST,card_images\Witch of the Moors_PLST.jpg
Witherbloom Apprentice,PLST,card_images\Witherbloom Apprentice_PLST.jpg
Yorion|Sky Nomad,MB2,card_images\Yorion|Sky Nomad_MB2.jpg
Yosei|the Morning Star,PLST,card_images\Yosei|the Morning Star_PLST.jpg
You Are Already Dead,PLST,card_images\You Are Already Dead_PLST.jpg
Zombie Cutthroat,PLST,card_images\Zombie Cutthroat_PLST.jpg
Zombie Infestation,PLST,card_images\Zombie Infestation_PLST.jpg
Zombie Master,MB2,card_images\Zombie Master_MB2.jpg
Zoyowa Lava-Tongue,LCI,card_images\Zoyowa Lava-Tongue_LCI.jpg
Zulaport Cutthroat,PLST,card_images\Zulaport Cutthroat_PLST.jpg
